name,email,phone number,address,description,company
James Osborn,rodrigueznicholas@example.net,+1-166-589-0456,"6908 Ball Manor
Timothyville, NJ 12431",Mrs clearly wrong alone. Short where career difficult check positive.,"Jenkins, Lin and Ortiz"
Joseph Garcia,erickennedy@example.net,001-832-138-9846x68105,"795 Lee Mill
New Ryanshire, RI 86411","Responsibility Mr speak light.
Subject north area. Set wide form bring everybody loss exist.",Stewart-Smith
Timothy Chandler,justin28@example.com,001-350-838-4411x48214,"7237 Nelson Isle
Jonestown, NE 88547","Him force day. I because exactly go could member.
Two grow statement government color international. Now feel size set step. Just west society government week fast. Keep east law.","Bowen, Lawson and Morrison"
Susan Summers,dwarner@example.org,+1-929-343-0103x50445,"95916 Leslie Island


##################
Note!
##################

This file was too large for Github to host. Message me for a direct link to it!